{
  "ui": {
    "suppressExperimentalDialogOnLoad [default: false]": false
  },
  "auto_sync": {
    "enabled [default: true]": true,
    "acceptConfigs [default: true]": true,
    "acceptFiles [default: true]": true,
    "acceptMods [default: false]": false,
    "displayModInfo [default: true]": true,
    "debugHashes [default: false]": false
  },
  "rendering": {
    "customFogRendering [default: true]": true,
    "netherThickFog [default: true]": true,
    "FogDensity [default: 1.0]": 1.0
  }
}