{
  "force_include": {
    "NETHER": [],
    "END_LAND": [],
    "END_VOID": [],
    "END_CENTER": [],
    "END_BARRENS": []
  },
  "force_exclude": {
    "NETHER": [],
    "END": []
  },
  "minecraft": {
    "the_end": {
      "generation_chance [default: 0.5]": 0.5
    },
    "end_midlands": {
      "generation_chance [default: 0.5]": 0.5
    },
    "end_highlands": {
      "generation_chance [default: 0.5]": 0.5,
      "edge_size [default: 8]": 8
    }
  },
  "betternether": {
    "gravel_desert": {
      "generation_chance [default: 1.0]": 1.0,
      "fog_density [default: 1.0]": 1.0,
      "vertical [default: false]": false,
      "terrain_height [default: 0.1]": 0.1
    },
    "nether_jungle": {
      "generation_chance [default: 1.0]": 1.0,
      "fog_density [default: 1.0]": 1.0,
      "vertical [default: false]": false,
      "terrain_height [default: 0.1]": 0.1
    },
    "wart_forest_edge": {
      "generation_chance [default: 1.0]": 1.0,
      "fog_density [default: 1.0]": 1.0,
      "vertical [default: false]": false,
      "terrain_height [default: 0.1]": 0.1
    },
    "wart_forest": {
      "generation_chance [default: 1.0]": 1.0,
      "edge_size [default: 9]": 9,
      "fog_density [default: 1.0]": 1.0,
      "vertical [default: false]": false,
      "terrain_height [default: 0.1]": 0.1
    },
    "nether_grasslands": {
      "generation_chance [default: 1.0]": 1.0,
      "fog_density [default: 1.0]": 1.0,
      "vertical [default: false]": false,
      "terrain_height [default: 0.1]": 0.1
    },
    "nether_mushroom_forest_edge": {
      "generation_chance [default: 1.0]": 1.0,
      "fog_density [default: 1.0]": 1.0,
      "vertical [default: false]": false,
      "terrain_height [default: 0.1]": 0.1
    },
    "nether_mushroom_forest": {
      "generation_chance [default: 1.0]": 1.0,
      "edge_size [default: 6]": 6,
      "fog_density [default: 1.0]": 1.0,
      "vertical [default: false]": false,
      "terrain_height [default: 0.1]": 0.1
    },
    "bone_reef": {
      "generation_chance [default: 1.0]": 1.0,
      "fog_density [default: 1.0]": 1.0,
      "vertical [default: false]": false,
      "terrain_height [default: 0.1]": 0.1
    },
    "sulfuric_bone_reef": {
      "generation_chance [default: 0.3]": 0.3,
      "fog_density [default: 1.0]": 1.0,
      "vertical [default: false]": false,
      "terrain_height [default: 0.1]": 0.1
    },
    "poor_nether_grasslands": {
      "generation_chance [default: 0.3]": 0.3,
      "fog_density [default: 1.0]": 1.0,
      "vertical [default: false]": false,
      "terrain_height [default: 0.1]": 0.1
    },
    "nether_swampland": {
      "generation_chance [default: 1.0]": 1.0,
      "fog_density [default: 1.0]": 1.0,
      "vertical [default: false]": false,
      "terrain_height [default: 0.1]": 0.1
    },
    "nether_swampland_terraces": {
      "generation_chance [default: 1.0]": 1.0,
      "fog_density [default: 1.0]": 1.0,
      "vertical [default: false]": false,
      "terrain_height [default: 0.1]": 0.1
    },
    "magma_land": {
      "generation_chance [default: 1.0]": 1.0,
      "fog_density [default: 1.0]": 1.0,
      "vertical [default: false]": false,
      "terrain_height [default: 0.1]": 0.1
    },
    "soul_plain": {
      "generation_chance [default: 1.0]": 1.0,
      "fog_density [default: 1.0]": 1.0,
      "vertical [default: false]": false,
      "terrain_height [default: 0.1]": 0.1
    },
    "crimson_glowing_woods": {
      "generation_chance [default: 0.3]": 0.3,
      "fog_density [default: 1.0]": 1.0,
      "vertical [default: false]": false,
      "terrain_height [default: 0.1]": 0.1
    },
    "old_warped_woods": {
      "generation_chance [default: 1.0]": 1.0,
      "fog_density [default: 1.0]": 1.0,
      "vertical [default: false]": false,
      "terrain_height [default: 0.1]": 0.1
    },
    "crimson_pinewood": {
      "generation_chance [default: 0.3]": 0.3,
      "fog_density [default: 1.0]": 1.0,
      "vertical [default: false]": false,
      "terrain_height [default: 0.1]": 0.1
    },
    "old_fungiwoods": {
      "generation_chance [default: 0.3]": 0.3,
      "fog_density [default: 1.0]": 1.0,
      "vertical [default: false]": false,
      "terrain_height [default: 0.1]": 0.1
    },
    "flooded_deltas": {
      "generation_chance [default: 0.3]": 0.3,
      "fog_density [default: 1.0]": 1.0,
      "vertical [default: false]": false,
      "terrain_height [default: 0.1]": 0.1
    },
    "upside_down_forest": {
      "generation_chance [default: 0.25]": 0.25,
      "fog_density [default: 1.0]": 1.0,
      "vertical [default: false]": false,
      "terrain_height [default: 0.1]": 0.1
    },
    "upside_down_forest_cleared": {
      "generation_chance [default: 0.5]": 0.5,
      "fog_density [default: 1.0]": 1.0,
      "vertical [default: false]": false,
      "terrain_height [default: 0.1]": 0.1
    },
    "old_swampland": {
      "generation_chance [default: 1.0]": 1.0,
      "fog_density [default: 1.0]": 1.0,
      "vertical [default: false]": false,
      "terrain_height [default: 0.1]": 0.1
    }
  }
}