{
  "betternether [default: true]": true,
  "blocks": {
    "willow_leaves [default: true]": true,
    "cincinnasite_ore [default: true]": true,
    "cincinnasite_block [default: true]": true,
    "cincinnasite_forged [default: true]": true,
    "cincinnasite_pillar [default: true]": true,
    "cincinnasite_bricks [default: true]": true,
    "cincinnasite_brick_plate [default: true]": true,
    "cincinnasite_stairs [default: true]": true,
    "cincinnasite_slab [default: true]": true,
    "taburet_cincinnasite [default: true]": true,
    "chair_cincinnasite [default: true]": true,
    "bar_stool_cincinnasite [default: true]": true,
    "cincinnasite_button [default: true]": true,
    "cincinnasite_plate [default: true]": true,
    "cincinnasite_lantern [default: true]": true,
    "cincinnasite_tile_large [default: true]": true,
    "cincinnasite_tile_small [default: true]": true,
    "cincinnasite_carved [default: true]": true,
    "cincinnasite_wall [default: true]": true,
    "cincinnasite_bricks_pillar [default: true]": true,
    "cincinnasite_bars [default: true]": true,
    "cincinnasite_pedestal [default: true]": true,
    "cincinnasite_frame [default: true]": true,
    "cincinnasite_lantern_small [default: true]": true,
    "cincinnasite_chain [default: true]": true,
    "nether_ruby_ore [default: true]": true,
    "nether_ruby_block [default: true]": true,
    "nether_ruby_stairs [default: true]": true,
    "nether_ruby_slab [default: true]": true,
    "nether_lapis_ore [default: true]": true,
    "nether_redstone_ore [default: true]": true,
    "nether_brick_tile_large [default: true]": true,
    "nether_brick_tile_small [default: true]": true,
    "nether_brick_wall [default: true]": true,
    "nether_brick_tile_slab [default: true]": true,
    "nether_brick_tile_stairs [default: true]": true,
    "bone_block [default: true]": true,
    "bone_stairs [default: true]": true,
    "bone_slab [default: true]": true,
    "bone_button [default: true]": true,
    "bone_plate [default: true]": true,
    "bone_wall [default: true]": true,
    "bone_tile [default: true]": true,
    "bone_reed_door [default: true]": true,
    "bone_cincinnasite_door [default: true]": true,
    "quartz_glass [default: true]": true,
    "quartz_glass_framed [default: true]": true,
    "quartz_glass_framed_white [default: true]": true,
    "quartz_glass_framed_orange [default: true]": true,
    "quartz_glass_framed_magenta [default: true]": true,
    "quartz_glass_framed_light_blue [default: true]": true,
    "quartz_glass_framed_yellow [default: true]": true,
    "quartz_glass_framed_lime [default: true]": true,
    "quartz_glass_framed_pink [default: true]": true,
    "quartz_glass_framed_gray [default: true]": true,
    "quartz_glass_framed_light_gray [default: true]": true,
    "quartz_glass_framed_cyan [default: true]": true,
    "quartz_glass_framed_purple [default: true]": true,
    "quartz_glass_framed_blue [default: true]": true,
    "quartz_glass_framed_brown [default: true]": true,
    "quartz_glass_framed_green [default: true]": true,
    "quartz_glass_framed_red [default: true]": true,
    "quartz_glass_framed_black [default: true]": true,
    "quartz_glass_pane [default: true]": true,
    "quartz_glass_pane_white [default: true]": true,
    "quartz_glass_pane_orange [default: true]": true,
    "quartz_glass_pane_magenta [default: true]": true,
    "quartz_glass_pane_light_blue [default: true]": true,
    "quartz_glass_pane_yellow [default: true]": true,
    "quartz_glass_pane_lime [default: true]": true,
    "quartz_glass_pane_pink [default: true]": true,
    "quartz_glass_pane_gray [default: true]": true,
    "quartz_glass_pane_light_gray [default: true]": true,
    "quartz_glass_pane_cyan [default: true]": true,
    "quartz_glass_pane_purple [default: true]": true,
    "quartz_glass_pane_blue [default: true]": true,
    "quartz_glass_pane_brown [default: true]": true,
    "quartz_glass_pane_green [default: true]": true,
    "quartz_glass_pane_red [default: true]": true,
    "quartz_glass_pane_black [default: true]": true,
    "quartz_glass_framed_pane [default: true]": true,
    "quartz_glass_framed_pane_white [default: true]": true,
    "quartz_glass_framed_pane_orange [default: true]": true,
    "quartz_glass_framed_pane_magenta [default: true]": true,
    "quartz_glass_framed_pane_light_blue [default: true]": true,
    "quartz_glass_framed_pane_yellow [default: true]": true,
    "quartz_glass_framed_pane_lime [default: true]": true,
    "quartz_glass_framed_pane_pink [default: true]": true,
    "quartz_glass_framed_pane_gray [default: true]": true,
    "quartz_glass_framed_pane_light_gray [default: true]": true,
    "quartz_glass_framed_pane_cyan [default: true]": true,
    "quartz_glass_framed_pane_purple [default: true]": true,
    "quartz_glass_framed_pane_blue [default: true]": true,
    "quartz_glass_framed_pane_brown [default: true]": true,
    "quartz_glass_framed_pane_green [default: true]": true,
    "quartz_glass_framed_pane_red [default: true]": true,
    "quartz_glass_framed_pane_black [default: true]": true,
    "quartz_glass_white [default: true]": true,
    "quartz_glass_orange [default: true]": true,
    "quartz_glass_magenta [default: true]": true,
    "quartz_glass_light_blue [default: true]": true,
    "quartz_glass_yellow [default: true]": true,
    "quartz_glass_lime [default: true]": true,
    "quartz_glass_pink [default: true]": true,
    "quartz_glass_gray [default: true]": true,
    "quartz_glass_light_gray [default: true]": true,
    "quartz_glass_cyan [default: true]": true,
    "quartz_glass_purple [default: true]": true,
    "quartz_glass_blue [default: true]": true,
    "quartz_glass_brown [default: true]": true,
    "quartz_glass_green [default: true]": true,
    "quartz_glass_red [default: true]": true,
    "quartz_glass_black [default: true]": true,
    "blue_weeping_obsidian [default: true]": true,
    "weeping_obsidian [default: true]": true,
    "blue_crying_obsidian [default: true]": true,
    "obsidian_bricks [default: true]": true,
    "obsidian_bricks_stairs [default: true]": true,
    "obsidian_bricks_slab [default: true]": true,
    "obsidian_tile [default: true]": true,
    "obsidian_tile_small [default: true]": true,
    "obsidian_tile_stairs [default: true]": true,
    "obsidian_tile_slab [default: true]": true,
    "obsidian_rod_tiles [default: true]": true,
    "obsidian_glass [default: true]": true,
    "obsidian_glass_pane [default: true]": true,
    "blue_obsidian [default: true]": true,
    "blue_obsidian_bricks [default: true]": true,
    "blue_obsidian_bricks_stairs [default: true]": true,
    "blue_obsidian_bricks_slab [default: true]": true,
    "blue_obsidian_tile [default: true]": true,
    "blue_obsidian_tile_small [default: true]": true,
    "blue_obsidian_tile_stairs [default: true]": true,
    "blue_obsidian_tile_slab [default: true]": true,
    "blue_obsidian_rod_tiles [default: true]": true,
    "blue_obsidian_glass [default: true]": true,
    "blue_obsidian_glass_pane [default: true]": true,
    "soul_sandstone [default: true]": true,
    "soul_sandstone_cut [default: true]": true,
    "soul_sandstone_cut_stairs [default: true]": true,
    "soul_sandstone_cut_slab [default: true]": true,
    "soul_sandstone_wall [default: true]": true,
    "soul_sandstone_smooth [default: true]": true,
    "soul_sandstone_chiseled [default: true]": true,
    "soul_sandstone_stairs [default: true]": true,
    "soul_sandstone_smooth_stairs [default: true]": true,
    "soul_sandstone_slab [default: true]": true,
    "soul_sandstone_smooth_slab [default: true]": true,
    "basalt_bricks [default: true]": true,
    "basalt_bricks_stairs [default: true]": true,
    "basalt_bricks_slab [default: true]": true,
    "basalt_bricks_wall [default: true]": true,
    "basalt_slab [default: true]": true,
    "orange_mushroom [default: true]": true,
    "red_mold [default: true]": true,
    "gray_mold [default: true]": true,
    "lucis_spore [default: true]": true,
    "giant_lucis [default: true]": true,
    "giant_mold_sapling [default: true]": true,
    "jellyfish_mushroom_sapling [default: true]": true,
    "eye_seed [default: true]": true,
    "nether_grass [default: true]": true,
    "swamp_grass [default: true]": true,
    "soul_grass [default: true]": true,
    "jungle_plant [default: true]": true,
    "bone_grass [default: true]": true,
    "sepia_bone_grass [default: true]": true,
    "black_vine [default: true]": true,
    "blooming_vine [default: true]": true,
    "golden_vine [default: true]": true,
    "lumabus_vine [default: true]": true,
    "golden_lumabus_vine [default: true]": true,
    "soul_vein [default: true]": true,
    "bone_mushroom [default: true]": true,
    "black_bush [default: true]": true,
    "ink_bush [default: true]": true,
    "ink_bush_seed [default: true]": true,
    "smoker [default: true]": true,
    "egg_plant [default: true]": true,
    "black_apple [default: true]": true,
    "black_apple_seed [default: true]": true,
    "magma_flower [default: true]": true,
    "feather_fern [default: true]": true,
    "moss_cover [default: true]": true,
    "neon_equisetum [default: true]": true,
    "hook_mushroom [default: true]": true,
    "whispering_gourd_vine [default: true]": true,
    "whispering_gourd [default: true]": true,
    "whispering_gourd_lantern [default: true]": true,
    "agave [default: true]": true,
    "barrel_cactus [default: true]": true,
    "nether_cactus [default: true]": true,
    "wall_moss [default: true]": true,
    "wall_mushroom_brown [default: true]": true,
    "wall_mushroom_red [default: true]": true,
    "jungle_moss [default: true]": true,
    "pig_statue_respawner [default: true]": true,
    "cincinnasite_pot [default: true]": true,
    "brick_pot [default: true]": true,
    "geyser [default: true]": true,
    "netherrack_stalactite [default: true]": true,
    "glowstone_stalactite [default: true]": true,
    "blackstone_stalactite [default: true]": true,
    "basalt_stalactite [default: true]": true,
    "bone_stalactite [default: true]": true,
    "cincinnasite_fire_bowl [default: true]": true,
    "bricks_fire_bowl [default: true]": true,
    "netherite_fire_bowl [default: true]": true,
    "cincinnasite_fire_bowl_soul [default: true]": true,
    "bricks_fire_bowl_soul [default: true]": true,
    "netherite_fire_bowl_soul [default: true]": true,
    "netherrack_moss [default: true]": true,
    "nether_mycelium [default: true]": true,
    "jungle_grass [default: true]": true,
    "mushroom_grass [default: true]": true,
    "sepia_mushroom_grass [default: true]": true,
    "farmland [default: true]": true,
    "swampland_grass [default: true]": true,
    "ceiling_mushrooms [default: true]": true,
    "roof_tile_nether_bricks [default: true]": true,
    "roof_tile_nether_bricks_stairs [default: true]": true,
    "roof_tile_nether_bricks_slab [default: true]": true,
    "roof_tile_cincinnasite [default: true]": true,
    "roof_tile_cincinnasite_stairs [default: true]": true,
    "roof_tile_cincinnasite_slab [default: true]": true,
    "blackstone_furnace [default: true]": true,
    "basalt_furnace [default: true]": true,
    "netherrack_furnace [default: true]": true,
    "cincinnasite_forge [default: true]": true,
    "nether_brewing_stand [default: true]": true,
    "cincinnasite_anvil [default: true]": true,
    "crafting_table_crimson [default: true]": true,
    "crafting_table_warped [default: true]": true,
    "chest_of_drawers [default: true]": true,
    "crimson_chest [default: true]": true,
    "warped_chest [default: true]": true,
    "crimson_barrel [default: true]": true,
    "warped_barrel [default: true]": true,
    "oak_taburet [default: true]": true,
    "spruce_taburet [default: true]": true,
    "birch_taburet [default: true]": true,
    "jungle_taburet [default: true]": true,
    "acacia_taburet [default: true]": true,
    "dark_oak_taburet [default: true]": true,
    "crimson_taburet [default: true]": true,
    "warped_taburet [default: true]": true,
    "oak_chair [default: true]": true,
    "spruce_chair [default: true]": true,
    "birch_chair [default: true]": true,
    "jungle_chair [default: true]": true,
    "acacia_chair [default: true]": true,
    "dark_oak_chair [default: true]": true,
    "crimson_chair [default: true]": true,
    "warped_chair [default: true]": true,
    "oak_bar_stool [default: true]": true,
    "spruce_bar_stool [default: true]": true,
    "birch_bar_stool [default: true]": true,
    "jungle_bar_stool [default: true]": true,
    "acacia_bar_stool [default: true]": true,
    "dark_oak_bar_stool [default: true]": true,
    "crimson_bar_stool [default: true]": true,
    "warped_bar_stool [default: true]": true,
    "crimson_ladder [default: true]": true,
    "warped_ladder [default: true]": true,
    "rubeus_leaves [default: true]": true,
    "anchor_tree_leaves [default: true]": true,
    "anchor_tree_vine [default: true]": true,
    "nether_sakura_leaves [default: true]": true,
    "soul_lily [default: true]": true,
    "soul_lily_sapling [default: true]": true,
    "red_large_mushroom [default: true]": true,
    "brown_large_mushroom [default: true]": true,
    "lucis_mushroom [default: true]": true,
    "giant_mold [default: true]": true,
    "jellyfish_mushroom [default: true]": true,
    "eyeball [default: true]": true,
    "eyeball_small [default: true]": true,
    "eye_vine [default: true]": true,
    "potted_plant [default: true]": true,
    "veined_sand [default: true]": true,
    "lumabus_seed [default: true]": true,
    "golden_lumabus_seed [default: true]": true
  }
}